sp,lbs
hapu,10.97328201
onaga,6.672582524
ehu,3.281914502
paka,4.666511075
kalekale,1.931747304
lehi,12.81240033
gindai,2.683657195
